Company,Country
DTO FICCVI,India
DEIRA TRAVEL & TOURIST AGENCY,United Arab Emirates
EASE FAMILY TOUR,Korea
Destinazione India,Italy
TROCADERO SWING COMMUNICATION,France
Yeadim Private Tours Zacs,Israel
INDIAN TRAVELS,Germany
Travelonica,United States
ACT TRAVEL,Vietnam
Tropicus Ltd,United Kingdom
Trip EZ Travel,Vietnam
Tizi Travel,Hungary
WITHUS TOUR,Korea
Lara Tour,Russia
Yeorae Tour Co. Ltd.,Korea
INDORO,Korea
ALLTOURS LTD. Touroperator,Russia
X-TREKKERS ADVENTURE CONSULTANT PTE LTD,Singapore
maofhatsipor,Israel
BeAway,France
Libert Selectour Business,France
Wellness-Event,France
ASIA TRAVEL GROUP PTE LTD,Singapore
Travel Network,United States
Heart of India travel,Netherlands
Isabel Gil Jimenez,Spain
LAC HONG VOYAGES CO LTD,Vietnam
Muscat Travel Boutique,Israel
Poznaj Indie,Poland
Raidho Viagens,Brazil
St.Petersburg Central Bureau for Travel & Excursions,Russia
German Travel Network,Germany
Rendez-vous avec l'Asie,France
Sjandra Travel,Netherlands
QUANTIS,Poland
Anapia voyages,France
MASTER-TOUR,Russia
OPENER 24,France
Remote Lands,United States
Haris Travel Club,Hungary
Viajes Jaipur SL,Spain
Travel and tourism,United Arab Emirates
Adventure Travel,Poland
Anglo Indiago Travels (p) Limited,Spain
Joy-n-Travel,France
Travel Expert,Poland
Winshield Travel & Tours Sdn Bhd,Malaysia
STER,Poland
TANATOUR SWEDEN HB,Sweden
Fay Holidays Sdn Bhd,Malaysia
Naturetalks,Netherlands
1000 Tentaciones,Spain
ROONGSARP GRAND TOUR,Thailand
Explorator,France
NEI UK to...,United Kingdom
Wales Beckons Ltd,United Kingdom
Autograph Vacations,United Kingdom
Positive Business Events,Netherlands
Asian Travel Solutions Pvt Ltd,Sri Lanka
Vielfalt Indien GmbH,Germany
Curious Journeys,South Africa
DIAMIR ERLEBNISREISEN GMBH,Germany
Emporio viajes,Mexico
Seven Pearls Tour and Travel Sdn Bhd,Malaysia
HAMSA-VAHINI TRAVEL & TOURS,Malaysia
STAR CITY TOURS PTE LTD,Singapore
Oscar Travel,Ireland
AI SMART HOLIDAYS SDN BHD,Malaysia
TransIndus,United Kingdom
PT SEDONA HOLIDAYS TOUR AND TRAVEL,Indonesia
TRIP VANGUARD TOURISM LLC,United Arab Emirates
L'Inde au naturel,France
Sogeti - CapGemini,France
Insta Holidays,India
horizon holidays,India
PATHIK THE TRAVELLER,India
Spin Vacations,India
GLACIER HOLIDAYS PVT LTD,India
Travel Masala,India
GARUDA TOURISM,India
Kamakshi Tours,India
TRAVEL18,India
Sunshine Tours and Travels,India
Three Sixty Holidays Pvt. Ltd.,India
SHREE HARSHIL TOURS AND TRAVELS,India
Skyway International Travels PVT LTD,India
NEXT HOLIDAYS,India
Madras Travels and Tours Private Limited,India
Aussie Grand Tours (A unit of R G Destinations Pty Ltd),Australia
Holiday Captures,India
7 Wonders World Travels Pvt Ltd,India
Terra Ignota Tours,India
UMA TOURS AND TRAVELS,India
Touring Toes LLP,India
Dreamz Travels And Holidays,India
Harsiddhtravels,India
TRAVEL EARTH,India
Sunshine holidays,India
Shri Narmada Tour,India
FORVOL INTERNATIONAL SERVICES LTD,India
INDIAN TOUR CLUB,India
TRAVEL OF INDIA,India
Tent & Trails Adventure,India
RAJWADA TOURISM,India
C R S AIR TRAVELS,India
MUSAFIRANA TOURISM SERVICES,India
FLY AIRCITI TOURS AND TRAVELS,India
SHREE TRAVEL AND TOURISM,India
Trip 2 Holidays,India
Jai Holidays,India
Skybird Travels,India
TRAVEL COUNSEL,India
Sri Vetrivelan Traavels and tours,India
Superb Holiday Makers,India
GALAXY TOURS &TRAVELS,India
The Gujarat Calling,India
kamla tours & travels,India
Travel THEME HOLIDAYS,India
Amogh Enterprises (SAMRUDDHI HOLIDAYS),India
LUXURY INDIA PRIVATE TOURS,India
TRAVELINKS,India
Jaunt & Joys India Pvt Ltd,India
100 Miles,India
GOODNESS TRAVELS AND SERVICES (OPC) PVT LTD,India
AKSHAR HOLIDAYS,India
Travel Catalyst Destination Private Limited,India
Nihar on the Ganges,India
TRAVEL EASY FLY,India
Kel 12,Italy
Happyculture Pvt Ltd,India
Bhagirath Tours and Travels,India
Travel Point,India
Yatra Exotic Routes (Yatra.com),India
GHOOMO VACATIONS,India
NJOY TRAVELS,India
R K TOURS AND TRAVELS,India
Jatak Travels,India
Namaah Travel Pvt. Ltd,India
KRISHNA TRAVELS,India
LA RUTA TOURS AND TRAVELS,India
LEVAX HOLIDAYS,India
CLASSIS TRAVEL AND TOUR,India
GLIMPSES HOLIDAYS PVT LTD,India
SATHYAM TRAVELS,India
TRAVELLERS BRIDGE,India
Megh tours and travels,India
ORBITZ HOLIDAYS,India
Escape Thrill,India
Farasha International,Japan
IDMS TOURS PRIVATE LIMITED,India
PARJATAKGURU TOURS AND TRAVELS PVT LTD,India
Hermes Voyages Pvt Ltd,India
Safar Leisure,India
Tuxman Ventures LLP (KloudTrip),India
TO & FRO,India
VACATIONS REPS,India
VIAJE 63 TOUR OPERADOR,Mexico
Sunflight Travels India Pvt Ltd,India
Distinct Destinations Pvt Ltd,India
Glitz Vacays,India
Heights & Sights,India
STARWORLD HOLIDAYS,India
Travelkar holidays,India
HolidayArt,India
NIRVAANA HOLIDAYS,India
Dtravco,India
The Weekender,India
ALPINE ADVENTURE,India
Mahendra Destinations Pvt Ltd,India
Majestic Journey Pvt Ltd,India
India Easy Trip Private ltd,India
Kishore Travels,India
Impression Tourism Services (India) Private Limited,India
Erco Travels Pvt Ltd,India
BEL TRAVEL & TOURS SDN BHD,Malaysia
Devbhoomi Hospitality,India
SIVADAS TRAVEL,India
Easy Connect Travel Group,India
Travel Gypsy Pvt Ltd,India
Accent Holidays,India
PT FANTASTIK FOUR HOLIDAY INDONESIA (iyata Travel),Indonesia
Hora Tourism & Hospitality Consulting Services,India
Airtours holidays India,India
Active Holidays,India
Uni Crystal Holidays Pvt. Ltd / IATO,India
Alliance of Indonesia Tour n Travel Agency,Indonesia
Loyal Tours and Travels Pvt Ltd.,India
LRDMC TRAVEL INDIA PVT LTD,India
Concord Exotic Voyages,India
Dove tours Pvt ltd,India
Parul Tours & Travels,India
TNS TRAVEL PVT LTD,India
FOMP,United Arab Emirates
VieGO,Thailand
Tamarind Global India,India
Shree travel planners,India
Spark Destinations,India
India International tour &travel,India
Royal Tern Hospitality Management,India
COTERIE TOURS PVT. LTD.,India
Stay Inn Hospitality,India
ORCHID TRAVEL AND TOURS,India
Simply Offbeat Holidays,India
BHANU BHAI TOURS & TRAVELS,India
SUN SMILE WORLD TRAVEL,Thailand